2002,14V-apXpLnxvWtm2ss9cV-EypIt7atNXJTlJbl8ILs7Q
2002,14V-apXpLnxvWtm2ss9cV-EypIt7atNXJTlJbl8ILs7Q
2002,14V-apXpLnxvWtm2ss9cV-EypIt7atNXJTlJbl8ILs7Q
2002,14V-apXpLnxvWtm2ss9cV-EypIt7atNXJTlJbl8ILs7Q
2002,14V-apXpLnxvWtm2ss9cV-EypIt7atNXJTlJbl8ILs7Q
2002,14V-apXpLnxvWtm2ss9cV-EypIt7atNXJTlJbl8ILs7Q
2002,14V-apXpLnxvWtm2ss9cV-EypIt7atNXJTlJbl8ILs7Q
2002,14V-apXpLnxvWtm2ss9cV-EypIt7atNXJTlJbl8ILs7Q
2002,14V-apXpLnxvWtm2ss9cV-EypIt7atNXJTlJbl8ILs7Q
2002,14V-apXpLnxvWtm2ss9cV-EypIt7atNXJTlJbl8ILs7Q
2002,14V-apXpLnxvWtm2ss9cV-EypIt7atNXJTlJbl8ILs7Q
2002,14V-apXpLnxvWtm2ss9cV-EypIt7atNXJTlJbl8ILs7Q
2002,14V-apXpLnxvWtm2ss9cV-EypIt7atNXJTlJbl8ILs7Q
2002,14V-apXpLnxvWtm2ss9cV-EypIt7atNXJTlJbl8ILs7Q
2002,14V-apXpLnxvWtm2ss9cV-EypIt7atNXJTlJbl8ILs7Q
2002,14V-apXpLnxvWtm2ss9cV-EypIt7atNXJTlJbl8ILs7Q
2002,14V-apXpLnxvWtm2ss9cV-EypIt7atNXJTlJbl8ILs7Q
2002,14V-apXpLnxvWtm2ss9cV-EypIt7atNXJTlJbl8ILs7Q
2002,14V-apXpLnxvWtm2ss9cV-EypIt7atNXJTlJbl8ILs7Q
2002,14V-apXpLnxvWtm2ss9cV-EypIt7atNXJTlJbl8ILs7Q
2002,14V-apXpLnxvWtm2ss9cV-EypIt7atNXJTlJbl8ILs7Q
2002,14V-apXpLnxvWtm2ss9cV-EypIt7atNXJTlJbl8ILs7Q
2002,14V-apXpLnxvWtm2ss9cV-EypIt7atNXJTlJbl8ILs7Q
2002,14V-apXpLnxvWtm2ss9cV-EypIt7atNXJTlJbl8ILs7Q
2002,14V-apXpLnxvWtm2ss9cV-EypIt7atNXJTlJbl8ILs7Q
2002,14V-apXpLnxvWtm2ss9cV-EypIt7atNXJTlJbl8ILs7Q
2002,14V-apXpLnxvWtm2ss9cV-EypIt7atNXJTlJbl8ILs7Q
2002,14V-apXpLnxvWtm2ss9cV-EypIt7atNXJTlJbl8ILs7Q
2002,14V-apXpLnxvWtm2ss9cV-EypIt7atNXJTlJbl8ILs7Q
2002,14V-apXpLnxvWtm2ss9cV-EypIt7atNXJTlJbl8ILs7Q
2002,14V-apXpLnxvWtm2ss9cV-EypIt7atNXJTlJbl8ILs7Q
2002,14V-apXpLnxvWtm2ss9cV-EypIt7atNXJTlJbl8ILs7Q
2002,14V-apXpLnxvWtm2ss9cV-EypIt7atNXJTlJbl8ILs7Q
2002,14V-apXpLnxvWtm2ss9cV-EypIt7atNXJTlJbl8ILs7Q
2002,14V-apXpLnxvWtm2ss9cV-EypIt7atNXJTlJbl8ILs7Q
2002,14V-apXpLnxvWtm2ss9cV-EypIt7atNXJTlJbl8ILs7Q
2002,14V-apXpLnxvWtm2ss9cV-EypIt7atNXJTlJbl8ILs7Q
2002,14V-apXpLnxvWtm2ss9cV-EypIt7atNXJTlJbl8ILs7Q
2269,1pWOB-ga9y6jVKAFbbAxmDLlLMbfrClXLqRQP-5Qgji0
2269,1pWOB-ga9y6jVKAFbbAxmDLlLMbfrClXLqRQP-5Qgji0
2269,1pWOB-ga9y6jVKAFbbAxmDLlLMbfrClXLqRQP-5Qgji0
2269,1pWOB-ga9y6jVKAFbbAxmDLlLMbfrClXLqRQP-5Qgji0
2269,1pWOB-ga9y6jVKAFbbAxmDLlLMbfrClXLqRQP-5Qgji0
2269,1pWOB-ga9y6jVKAFbbAxmDLlLMbfrClXLqRQP-5Qgji0
2269,1pWOB-ga9y6jVKAFbbAxmDLlLMbfrClXLqRQP-5Qgji0
2269,1pWOB-ga9y6jVKAFbbAxmDLlLMbfrClXLqRQP-5Qgji0
2269,1pWOB-ga9y6jVKAFbbAxmDLlLMbfrClXLqRQP-5Qgji0
2269,1pWOB-ga9y6jVKAFbbAxmDLlLMbfrClXLqRQP-5Qgji0
2269,1pWOB-ga9y6jVKAFbbAxmDLlLMbfrClXLqRQP-5Qgji0
2269,1pWOB-ga9y6jVKAFbbAxmDLlLMbfrClXLqRQP-5Qgji0
2269,1pWOB-ga9y6jVKAFbbAxmDLlLMbfrClXLqRQP-5Qgji0
2269,1pWOB-ga9y6jVKAFbbAxmDLlLMbfrClXLqRQP-5Qgji0
2269,1pWOB-ga9y6jVKAFbbAxmDLlLMbfrClXLqRQP-5Qgji0
2269,1pWOB-ga9y6jVKAFbbAxmDLlLMbfrClXLqRQP-5Qgji0
2269,1pWOB-ga9y6jVKAFbbAxmDLlLMbfrClXLqRQP-5Qgji0
2269,1pWOB-ga9y6jVKAFbbAxmDLlLMbfrClXLqRQP-5Qgji0
2269,1pWOB-ga9y6jVKAFbbAxmDLlLMbfrClXLqRQP-5Qgji0
2269,1pWOB-ga9y6jVKAFbbAxmDLlLMbfrClXLqRQP-5Qgji0
2269,1pWOB-ga9y6jVKAFbbAxmDLlLMbfrClXLqRQP-5Qgji0
2269,1pWOB-ga9y6jVKAFbbAxmDLlLMbfrClXLqRQP-5Qgji0
2269,1pWOB-ga9y6jVKAFbbAxmDLlLMbfrClXLqRQP-5Qgji0
2269,1pWOB-ga9y6jVKAFbbAxmDLlLMbfrClXLqRQP-5Qgji0
2269,1pWOB-ga9y6jVKAFbbAxmDLlLMbfrClXLqRQP-5Qgji0
2269,1pWOB-ga9y6jVKAFbbAxmDLlLMbfrClXLqRQP-5Qgji0
2269,1pWOB-ga9y6jVKAFbbAxmDLlLMbfrClXLqRQP-5Qgji0
2269,1pWOB-ga9y6jVKAFbbAxmDLlLMbfrClXLqRQP-5Qgji0
2269,1pWOB-ga9y6jVKAFbbAxmDLlLMbfrClXLqRQP-5Qgji0
2269,1pWOB-ga9y6jVKAFbbAxmDLlLMbfrClXLqRQP-5Qgji0
2269,1pWOB-ga9y6jVKAFbbAxmDLlLMbfrClXLqRQP-5Qgji0
2269,1pWOB-ga9y6jVKAFbbAxmDLlLMbfrClXLqRQP-5Qgji0
2269,1pWOB-ga9y6jVKAFbbAxmDLlLMbfrClXLqRQP-5Qgji0
2269,1pWOB-ga9y6jVKAFbbAxmDLlLMbfrClXLqRQP-5Qgji0
2269,1pWOB-ga9y6jVKAFbbAxmDLlLMbfrClXLqRQP-5Qgji0
2269,1pWOB-ga9y6jVKAFbbAxmDLlLMbfrClXLqRQP-5Qgji0
2269,1pWOB-ga9y6jVKAFbbAxmDLlLMbfrClXLqRQP-5Qgji0
2282,1GJ6rGCLIcASCW960dcNo9p5bv8ki5mZtNj-mmvLTp3I
2282,1GJ6rGCLIcASCW960dcNo9p5bv8ki5mZtNj-mmvLTp3I
2282,1GJ6rGCLIcASCW960dcNo9p5bv8ki5mZtNj-mmvLTp3I
2282,1GJ6rGCLIcASCW960dcNo9p5bv8ki5mZtNj-mmvLTp3I
2282,1GJ6rGCLIcASCW960dcNo9p5bv8ki5mZtNj-mmvLTp3I
2282,1GJ6rGCLIcASCW960dcNo9p5bv8ki5mZtNj-mmvLTp3I
2282,1GJ6rGCLIcASCW960dcNo9p5bv8ki5mZtNj-mmvLTp3I
2282,1GJ6rGCLIcASCW960dcNo9p5bv8ki5mZtNj-mmvLTp3I
2282,1GJ6rGCLIcASCW960dcNo9p5bv8ki5mZtNj-mmvLTp3I
2282,1GJ6rGCLIcASCW960dcNo9p5bv8ki5mZtNj-mmvLTp3I
2282,1GJ6rGCLIcASCW960dcNo9p5bv8ki5mZtNj-mmvLTp3I
2282,1GJ6rGCLIcASCW960dcNo9p5bv8ki5mZtNj-mmvLTp3I
2282,1GJ6rGCLIcASCW960dcNo9p5bv8ki5mZtNj-mmvLTp3I
2282,1GJ6rGCLIcASCW960dcNo9p5bv8ki5mZtNj-mmvLTp3I
2282,1GJ6rGCLIcASCW960dcNo9p5bv8ki5mZtNj-mmvLTp3I
2282,1GJ6rGCLIcASCW960dcNo9p5bv8ki5mZtNj-mmvLTp3I
2282,1GJ6rGCLIcASCW960dcNo9p5bv8ki5mZtNj-mmvLTp3I
2282,1GJ6rGCLIcASCW960dcNo9p5bv8ki5mZtNj-mmvLTp3I
2282,1GJ6rGCLIcASCW960dcNo9p5bv8ki5mZtNj-mmvLTp3I
2282,1GJ6rGCLIcASCW960dcNo9p5bv8ki5mZtNj-mmvLTp3I
2282,1GJ6rGCLIcASCW960dcNo9p5bv8ki5mZtNj-mmvLTp3I
2282,1GJ6rGCLIcASCW960dcNo9p5bv8ki5mZtNj-mmvLTp3I
2282,1GJ6rGCLIcASCW960dcNo9p5bv8ki5mZtNj-mmvLTp3I
2282,1GJ6rGCLIcASCW960dcNo9p5bv8ki5mZtNj-mmvLTp3I
2282,1GJ6rGCLIcASCW960dcNo9p5bv8ki5mZtNj-mmvLTp3I
2282,1GJ6rGCLIcASCW960dcNo9p5bv8ki5mZtNj-mmvLTp3I
2282,1GJ6rGCLIcASCW960dcNo9p5bv8ki5mZtNj-mmvLTp3I
2282,1GJ6rGCLIcASCW960dcNo9p5bv8ki5mZtNj-mmvLTp3I
2282,1GJ6rGCLIcASCW960dcNo9p5bv8ki5mZtNj-mmvLTp3I
2282,1GJ6rGCLIcASCW960dcNo9p5bv8ki5mZtNj-mmvLTp3I
2282,1GJ6rGCLIcASCW960dcNo9p5bv8ki5mZtNj-mmvLTp3I
2282,1GJ6rGCLIcASCW960dcNo9p5bv8ki5mZtNj-mmvLTp3I
2282,1GJ6rGCLIcASCW960dcNo9p5bv8ki5mZtNj-mmvLTp3I
2282,1GJ6rGCLIcASCW960dcNo9p5bv8ki5mZtNj-mmvLTp3I
2282,1GJ6rGCLIcASCW960dcNo9p5bv8ki5mZtNj-mmvLTp3I
2282,1GJ6rGCLIcASCW960dcNo9p5bv8ki5mZtNj-mmvLTp3I
2282,1GJ6rGCLIcASCW960dcNo9p5bv8ki5mZtNj-mmvLTp3I
2501,1UKupZLm0uJoExKT8WoWzGv_bI_KO1OPpHF-z17wgDmU
2501,1UKupZLm0uJoExKT8WoWzGv_bI_KO1OPpHF-z17wgDmU
2501,1UKupZLm0uJoExKT8WoWzGv_bI_KO1OPpHF-z17wgDmU
2501,1UKupZLm0uJoExKT8WoWzGv_bI_KO1OPpHF-z17wgDmU
2501,1UKupZLm0uJoExKT8WoWzGv_bI_KO1OPpHF-z17wgDmU
2501,1UKupZLm0uJoExKT8WoWzGv_bI_KO1OPpHF-z17wgDmU
2501,1UKupZLm0uJoExKT8WoWzGv_bI_KO1OPpHF-z17wgDmU
2501,1UKupZLm0uJoExKT8WoWzGv_bI_KO1OPpHF-z17wgDmU
2501,1UKupZLm0uJoExKT8WoWzGv_bI_KO1OPpHF-z17wgDmU
2501,1UKupZLm0uJoExKT8WoWzGv_bI_KO1OPpHF-z17wgDmU
2501,1UKupZLm0uJoExKT8WoWzGv_bI_KO1OPpHF-z17wgDmU
2501,1UKupZLm0uJoExKT8WoWzGv_bI_KO1OPpHF-z17wgDmU
2501,1UKupZLm0uJoExKT8WoWzGv_bI_KO1OPpHF-z17wgDmU
2501,1UKupZLm0uJoExKT8WoWzGv_bI_KO1OPpHF-z17wgDmU
2501,1UKupZLm0uJoExKT8WoWzGv_bI_KO1OPpHF-z17wgDmU
2501,1UKupZLm0uJoExKT8WoWzGv_bI_KO1OPpHF-z17wgDmU
2501,1UKupZLm0uJoExKT8WoWzGv_bI_KO1OPpHF-z17wgDmU
2501,1UKupZLm0uJoExKT8WoWzGv_bI_KO1OPpHF-z17wgDmU
2501,1UKupZLm0uJoExKT8WoWzGv_bI_KO1OPpHF-z17wgDmU
2501,1UKupZLm0uJoExKT8WoWzGv_bI_KO1OPpHF-z17wgDmU
2501,1UKupZLm0uJoExKT8WoWzGv_bI_KO1OPpHF-z17wgDmU
2501,1UKupZLm0uJoExKT8WoWzGv_bI_KO1OPpHF-z17wgDmU
2501,1UKupZLm0uJoExKT8WoWzGv_bI_KO1OPpHF-z17wgDmU
2501,1UKupZLm0uJoExKT8WoWzGv_bI_KO1OPpHF-z17wgDmU
2501,1UKupZLm0uJoExKT8WoWzGv_bI_KO1OPpHF-z17wgDmU
2501,1UKupZLm0uJoExKT8WoWzGv_bI_KO1OPpHF-z17wgDmU
2501,1UKupZLm0uJoExKT8WoWzGv_bI_KO1OPpHF-z17wgDmU
2501,1UKupZLm0uJoExKT8WoWzGv_bI_KO1OPpHF-z17wgDmU
2501,1UKupZLm0uJoExKT8WoWzGv_bI_KO1OPpHF-z17wgDmU
2501,1UKupZLm0uJoExKT8WoWzGv_bI_KO1OPpHF-z17wgDmU
2501,1UKupZLm0uJoExKT8WoWzGv_bI_KO1OPpHF-z17wgDmU
2501,1UKupZLm0uJoExKT8WoWzGv_bI_KO1OPpHF-z17wgDmU
2501,1UKupZLm0uJoExKT8WoWzGv_bI_KO1OPpHF-z17wgDmU
2501,1UKupZLm0uJoExKT8WoWzGv_bI_KO1OPpHF-z17wgDmU
2501,1UKupZLm0uJoExKT8WoWzGv_bI_KO1OPpHF-z17wgDmU
2501,1UKupZLm0uJoExKT8WoWzGv_bI_KO1OPpHF-z17wgDmU
2501,1UKupZLm0uJoExKT8WoWzGv_bI_KO1OPpHF-z17wgDmU
2502,1JioDTKqX6014AKMdqznDMydceBeOyCG8pSIsNkPRHS0
2502,1JioDTKqX6014AKMdqznDMydceBeOyCG8pSIsNkPRHS0
2502,1JioDTKqX6014AKMdqznDMydceBeOyCG8pSIsNkPRHS0
2502,1JioDTKqX6014AKMdqznDMydceBeOyCG8pSIsNkPRHS0
2502,1JioDTKqX6014AKMdqznDMydceBeOyCG8pSIsNkPRHS0
2502,1JioDTKqX6014AKMdqznDMydceBeOyCG8pSIsNkPRHS0
2502,1JioDTKqX6014AKMdqznDMydceBeOyCG8pSIsNkPRHS0
2502,1JioDTKqX6014AKMdqznDMydceBeOyCG8pSIsNkPRHS0
2502,1JioDTKqX6014AKMdqznDMydceBeOyCG8pSIsNkPRHS0
2502,1JioDTKqX6014AKMdqznDMydceBeOyCG8pSIsNkPRHS0
2502,1JioDTKqX6014AKMdqznDMydceBeOyCG8pSIsNkPRHS0
2502,1JioDTKqX6014AKMdqznDMydceBeOyCG8pSIsNkPRHS0
2502,1JioDTKqX6014AKMdqznDMydceBeOyCG8pSIsNkPRHS0
2502,1JioDTKqX6014AKMdqznDMydceBeOyCG8pSIsNkPRHS0
2502,1JioDTKqX6014AKMdqznDMydceBeOyCG8pSIsNkPRHS0
2502,1JioDTKqX6014AKMdqznDMydceBeOyCG8pSIsNkPRHS0
2502,1JioDTKqX6014AKMdqznDMydceBeOyCG8pSIsNkPRHS0
2502,1JioDTKqX6014AKMdqznDMydceBeOyCG8pSIsNkPRHS0
2502,1JioDTKqX6014AKMdqznDMydceBeOyCG8pSIsNkPRHS0
2502,1JioDTKqX6014AKMdqznDMydceBeOyCG8pSIsNkPRHS0
2502,1JioDTKqX6014AKMdqznDMydceBeOyCG8pSIsNkPRHS0
2502,1JioDTKqX6014AKMdqznDMydceBeOyCG8pSIsNkPRHS0
2502,1JioDTKqX6014AKMdqznDMydceBeOyCG8pSIsNkPRHS0
2502,1JioDTKqX6014AKMdqznDMydceBeOyCG8pSIsNkPRHS0
2502,1JioDTKqX6014AKMdqznDMydceBeOyCG8pSIsNkPRHS0
2502,1JioDTKqX6014AKMdqznDMydceBeOyCG8pSIsNkPRHS0
2502,1JioDTKqX6014AKMdqznDMydceBeOyCG8pSIsNkPRHS0
2502,1JioDTKqX6014AKMdqznDMydceBeOyCG8pSIsNkPRHS0
2502,1JioDTKqX6014AKMdqznDMydceBeOyCG8pSIsNkPRHS0
2502,1JioDTKqX6014AKMdqznDMydceBeOyCG8pSIsNkPRHS0
2502,1JioDTKqX6014AKMdqznDMydceBeOyCG8pSIsNkPRHS0
2502,1JioDTKqX6014AKMdqznDMydceBeOyCG8pSIsNkPRHS0
2502,1JioDTKqX6014AKMdqznDMydceBeOyCG8pSIsNkPRHS0
2502,1JioDTKqX6014AKMdqznDMydceBeOyCG8pSIsNkPRHS0
2502,1JioDTKqX6014AKMdqznDMydceBeOyCG8pSIsNkPRHS0
2502,1JioDTKqX6014AKMdqznDMydceBeOyCG8pSIsNkPRHS0
2502,1JioDTKqX6014AKMdqznDMydceBeOyCG8pSIsNkPRHS0
2002,1TjsZtebgEoyfhk95wzka4zwji9v4ov8mCj9ryqSVipU
2002,1TjsZtebgEoyfhk95wzka4zwji9v4ov8mCj9ryqSVipU
2002,1TjsZtebgEoyfhk95wzka4zwji9v4ov8mCj9ryqSVipU
2002,1TjsZtebgEoyfhk95wzka4zwji9v4ov8mCj9ryqSVipU
2002,1TjsZtebgEoyfhk95wzka4zwji9v4ov8mCj9ryqSVipU
2002,1TjsZtebgEoyfhk95wzka4zwji9v4ov8mCj9ryqSVipU
2002,1TjsZtebgEoyfhk95wzka4zwji9v4ov8mCj9ryqSVipU
2002,1TjsZtebgEoyfhk95wzka4zwji9v4ov8mCj9ryqSVipU
2002,1TjsZtebgEoyfhk95wzka4zwji9v4ov8mCj9ryqSVipU
2002,1TjsZtebgEoyfhk95wzka4zwji9v4ov8mCj9ryqSVipU
2002,1TjsZtebgEoyfhk95wzka4zwji9v4ov8mCj9ryqSVipU
2002,1TjsZtebgEoyfhk95wzka4zwji9v4ov8mCj9ryqSVipU
2002,1TjsZtebgEoyfhk95wzka4zwji9v4ov8mCj9ryqSVipU
2002,1TjsZtebgEoyfhk95wzka4zwji9v4ov8mCj9ryqSVipU
2002,1TjsZtebgEoyfhk95wzka4zwji9v4ov8mCj9ryqSVipU
2002,1TjsZtebgEoyfhk95wzka4zwji9v4ov8mCj9ryqSVipU
2002,1TjsZtebgEoyfhk95wzka4zwji9v4ov8mCj9ryqSVipU
2002,1TjsZtebgEoyfhk95wzka4zwji9v4ov8mCj9ryqSVipU
2002,1TjsZtebgEoyfhk95wzka4zwji9v4ov8mCj9ryqSVipU
2002,1TjsZtebgEoyfhk95wzka4zwji9v4ov8mCj9ryqSVipU
2002,1TjsZtebgEoyfhk95wzka4zwji9v4ov8mCj9ryqSVipU
2002,1TjsZtebgEoyfhk95wzka4zwji9v4ov8mCj9ryqSVipU
2002,1TjsZtebgEoyfhk95wzka4zwji9v4ov8mCj9ryqSVipU
2002,1TjsZtebgEoyfhk95wzka4zwji9v4ov8mCj9ryqSVipU
2002,1TjsZtebgEoyfhk95wzka4zwji9v4ov8mCj9ryqSVipU
2002,1TjsZtebgEoyfhk95wzka4zwji9v4ov8mCj9ryqSVipU
2002,1TjsZtebgEoyfhk95wzka4zwji9v4ov8mCj9ryqSVipU
2002,1TjsZtebgEoyfhk95wzka4zwji9v4ov8mCj9ryqSVipU
2002,1TjsZtebgEoyfhk95wzka4zwji9v4ov8mCj9ryqSVipU
2002,1TjsZtebgEoyfhk95wzka4zwji9v4ov8mCj9ryqSVipU
2002,1TjsZtebgEoyfhk95wzka4zwji9v4ov8mCj9ryqSVipU
2002,1TjsZtebgEoyfhk95wzka4zwji9v4ov8mCj9ryqSVipU
2002,1TjsZtebgEoyfhk95wzka4zwji9v4ov8mCj9ryqSVipU
2002,1TjsZtebgEoyfhk95wzka4zwji9v4ov8mCj9ryqSVipU
2002,1TjsZtebgEoyfhk95wzka4zwji9v4ov8mCj9ryqSVipU
2002,1TjsZtebgEoyfhk95wzka4zwji9v4ov8mCj9ryqSVipU
2002,1TjsZtebgEoyfhk95wzka4zwji9v4ov8mCj9ryqSVipU
2002,1TjsZtebgEoyfhk95wzka4zwji9v4ov8mCj9ryqSVipU
2269,1386oGiQef4OWMr4Wo9K8PkIbfPlOXw7WH1RGgW1Tpsc
2269,1386oGiQef4OWMr4Wo9K8PkIbfPlOXw7WH1RGgW1Tpsc
2269,1386oGiQef4OWMr4Wo9K8PkIbfPlOXw7WH1RGgW1Tpsc
2269,1386oGiQef4OWMr4Wo9K8PkIbfPlOXw7WH1RGgW1Tpsc
2269,1386oGiQef4OWMr4Wo9K8PkIbfPlOXw7WH1RGgW1Tpsc
2269,1386oGiQef4OWMr4Wo9K8PkIbfPlOXw7WH1RGgW1Tpsc
2269,1386oGiQef4OWMr4Wo9K8PkIbfPlOXw7WH1RGgW1Tpsc
2269,1386oGiQef4OWMr4Wo9K8PkIbfPlOXw7WH1RGgW1Tpsc
2269,1386oGiQef4OWMr4Wo9K8PkIbfPlOXw7WH1RGgW1Tpsc
2269,1386oGiQef4OWMr4Wo9K8PkIbfPlOXw7WH1RGgW1Tpsc
2269,1386oGiQef4OWMr4Wo9K8PkIbfPlOXw7WH1RGgW1Tpsc
2269,1386oGiQef4OWMr4Wo9K8PkIbfPlOXw7WH1RGgW1Tpsc
2269,1386oGiQef4OWMr4Wo9K8PkIbfPlOXw7WH1RGgW1Tpsc
2269,1386oGiQef4OWMr4Wo9K8PkIbfPlOXw7WH1RGgW1Tpsc
2269,1386oGiQef4OWMr4Wo9K8PkIbfPlOXw7WH1RGgW1Tpsc
2269,1386oGiQef4OWMr4Wo9K8PkIbfPlOXw7WH1RGgW1Tpsc
2269,1386oGiQef4OWMr4Wo9K8PkIbfPlOXw7WH1RGgW1Tpsc
2269,1386oGiQef4OWMr4Wo9K8PkIbfPlOXw7WH1RGgW1Tpsc
2269,1386oGiQef4OWMr4Wo9K8PkIbfPlOXw7WH1RGgW1Tpsc
2269,1386oGiQef4OWMr4Wo9K8PkIbfPlOXw7WH1RGgW1Tpsc
2269,1386oGiQef4OWMr4Wo9K8PkIbfPlOXw7WH1RGgW1Tpsc
2269,1386oGiQef4OWMr4Wo9K8PkIbfPlOXw7WH1RGgW1Tpsc
2269,1386oGiQef4OWMr4Wo9K8PkIbfPlOXw7WH1RGgW1Tpsc
2269,1386oGiQef4OWMr4Wo9K8PkIbfPlOXw7WH1RGgW1Tpsc
2269,1386oGiQef4OWMr4Wo9K8PkIbfPlOXw7WH1RGgW1Tpsc
2269,1386oGiQef4OWMr4Wo9K8PkIbfPlOXw7WH1RGgW1Tpsc
2269,1386oGiQef4OWMr4Wo9K8PkIbfPlOXw7WH1RGgW1Tpsc
2269,1386oGiQef4OWMr4Wo9K8PkIbfPlOXw7WH1RGgW1Tpsc
2269,1386oGiQef4OWMr4Wo9K8PkIbfPlOXw7WH1RGgW1Tpsc
2269,1386oGiQef4OWMr4Wo9K8PkIbfPlOXw7WH1RGgW1Tpsc
2269,1386oGiQef4OWMr4Wo9K8PkIbfPlOXw7WH1RGgW1Tpsc
2269,1386oGiQef4OWMr4Wo9K8PkIbfPlOXw7WH1RGgW1Tpsc
2269,1386oGiQef4OWMr4Wo9K8PkIbfPlOXw7WH1RGgW1Tpsc
2269,1386oGiQef4OWMr4Wo9K8PkIbfPlOXw7WH1RGgW1Tpsc
2269,1386oGiQef4OWMr4Wo9K8PkIbfPlOXw7WH1RGgW1Tpsc
2269,1386oGiQef4OWMr4Wo9K8PkIbfPlOXw7WH1RGgW1Tpsc
2269,1386oGiQef4OWMr4Wo9K8PkIbfPlOXw7WH1RGgW1Tpsc
2282,1FvQkC1MIc1fSk-eVa6AeHhE9s4Kan7D6Sn6YYK_wREU
2282,1FvQkC1MIc1fSk-eVa6AeHhE9s4Kan7D6Sn6YYK_wREU
2282,1FvQkC1MIc1fSk-eVa6AeHhE9s4Kan7D6Sn6YYK_wREU
2282,1FvQkC1MIc1fSk-eVa6AeHhE9s4Kan7D6Sn6YYK_wREU
2282,1FvQkC1MIc1fSk-eVa6AeHhE9s4Kan7D6Sn6YYK_wREU
2282,1FvQkC1MIc1fSk-eVa6AeHhE9s4Kan7D6Sn6YYK_wREU
2282,1FvQkC1MIc1fSk-eVa6AeHhE9s4Kan7D6Sn6YYK_wREU
2282,1FvQkC1MIc1fSk-eVa6AeHhE9s4Kan7D6Sn6YYK_wREU
2282,1FvQkC1MIc1fSk-eVa6AeHhE9s4Kan7D6Sn6YYK_wREU
2282,1FvQkC1MIc1fSk-eVa6AeHhE9s4Kan7D6Sn6YYK_wREU
2282,1FvQkC1MIc1fSk-eVa6AeHhE9s4Kan7D6Sn6YYK_wREU
2282,1FvQkC1MIc1fSk-eVa6AeHhE9s4Kan7D6Sn6YYK_wREU
2282,1FvQkC1MIc1fSk-eVa6AeHhE9s4Kan7D6Sn6YYK_wREU
2282,1FvQkC1MIc1fSk-eVa6AeHhE9s4Kan7D6Sn6YYK_wREU
2282,1FvQkC1MIc1fSk-eVa6AeHhE9s4Kan7D6Sn6YYK_wREU
2282,1FvQkC1MIc1fSk-eVa6AeHhE9s4Kan7D6Sn6YYK_wREU
2282,1FvQkC1MIc1fSk-eVa6AeHhE9s4Kan7D6Sn6YYK_wREU
2282,1FvQkC1MIc1fSk-eVa6AeHhE9s4Kan7D6Sn6YYK_wREU
2282,1FvQkC1MIc1fSk-eVa6AeHhE9s4Kan7D6Sn6YYK_wREU
2282,1FvQkC1MIc1fSk-eVa6AeHhE9s4Kan7D6Sn6YYK_wREU
2282,1FvQkC1MIc1fSk-eVa6AeHhE9s4Kan7D6Sn6YYK_wREU
2282,1FvQkC1MIc1fSk-eVa6AeHhE9s4Kan7D6Sn6YYK_wREU
2282,1FvQkC1MIc1fSk-eVa6AeHhE9s4Kan7D6Sn6YYK_wREU
2282,1FvQkC1MIc1fSk-eVa6AeHhE9s4Kan7D6Sn6YYK_wREU
2282,1FvQkC1MIc1fSk-eVa6AeHhE9s4Kan7D6Sn6YYK_wREU
2282,1FvQkC1MIc1fSk-eVa6AeHhE9s4Kan7D6Sn6YYK_wREU
2282,1FvQkC1MIc1fSk-eVa6AeHhE9s4Kan7D6Sn6YYK_wREU
2282,1FvQkC1MIc1fSk-eVa6AeHhE9s4Kan7D6Sn6YYK_wREU
2282,1FvQkC1MIc1fSk-eVa6AeHhE9s4Kan7D6Sn6YYK_wREU
2282,1FvQkC1MIc1fSk-eVa6AeHhE9s4Kan7D6Sn6YYK_wREU
2282,1FvQkC1MIc1fSk-eVa6AeHhE9s4Kan7D6Sn6YYK_wREU
2282,1FvQkC1MIc1fSk-eVa6AeHhE9s4Kan7D6Sn6YYK_wREU
2282,1FvQkC1MIc1fSk-eVa6AeHhE9s4Kan7D6Sn6YYK_wREU
2282,1FvQkC1MIc1fSk-eVa6AeHhE9s4Kan7D6Sn6YYK_wREU
2282,1FvQkC1MIc1fSk-eVa6AeHhE9s4Kan7D6Sn6YYK_wREU
2282,1FvQkC1MIc1fSk-eVa6AeHhE9s4Kan7D6Sn6YYK_wREU
2282,1FvQkC1MIc1fSk-eVa6AeHhE9s4Kan7D6Sn6YYK_wREU
2501,1PQG7kEc3FCiFmYvJwsaTn74uAqlsP13uwwF3q0yYe8Y
2501,1PQG7kEc3FCiFmYvJwsaTn74uAqlsP13uwwF3q0yYe8Y
2501,1PQG7kEc3FCiFmYvJwsaTn74uAqlsP13uwwF3q0yYe8Y
2501,1PQG7kEc3FCiFmYvJwsaTn74uAqlsP13uwwF3q0yYe8Y
2501,1PQG7kEc3FCiFmYvJwsaTn74uAqlsP13uwwF3q0yYe8Y
2501,1PQG7kEc3FCiFmYvJwsaTn74uAqlsP13uwwF3q0yYe8Y
2501,1PQG7kEc3FCiFmYvJwsaTn74uAqlsP13uwwF3q0yYe8Y
2501,1PQG7kEc3FCiFmYvJwsaTn74uAqlsP13uwwF3q0yYe8Y
2501,1PQG7kEc3FCiFmYvJwsaTn74uAqlsP13uwwF3q0yYe8Y
2501,1PQG7kEc3FCiFmYvJwsaTn74uAqlsP13uwwF3q0yYe8Y
2501,1PQG7kEc3FCiFmYvJwsaTn74uAqlsP13uwwF3q0yYe8Y
2501,1PQG7kEc3FCiFmYvJwsaTn74uAqlsP13uwwF3q0yYe8Y
2501,1PQG7kEc3FCiFmYvJwsaTn74uAqlsP13uwwF3q0yYe8Y
2501,1PQG7kEc3FCiFmYvJwsaTn74uAqlsP13uwwF3q0yYe8Y
2501,1PQG7kEc3FCiFmYvJwsaTn74uAqlsP13uwwF3q0yYe8Y
2501,1PQG7kEc3FCiFmYvJwsaTn74uAqlsP13uwwF3q0yYe8Y
2501,1PQG7kEc3FCiFmYvJwsaTn74uAqlsP13uwwF3q0yYe8Y
2501,1PQG7kEc3FCiFmYvJwsaTn74uAqlsP13uwwF3q0yYe8Y
2501,1PQG7kEc3FCiFmYvJwsaTn74uAqlsP13uwwF3q0yYe8Y
2501,1PQG7kEc3FCiFmYvJwsaTn74uAqlsP13uwwF3q0yYe8Y
2501,1PQG7kEc3FCiFmYvJwsaTn74uAqlsP13uwwF3q0yYe8Y
2501,1PQG7kEc3FCiFmYvJwsaTn74uAqlsP13uwwF3q0yYe8Y
2501,1PQG7kEc3FCiFmYvJwsaTn74uAqlsP13uwwF3q0yYe8Y
2501,1PQG7kEc3FCiFmYvJwsaTn74uAqlsP13uwwF3q0yYe8Y
2501,1PQG7kEc3FCiFmYvJwsaTn74uAqlsP13uwwF3q0yYe8Y
2501,1PQG7kEc3FCiFmYvJwsaTn74uAqlsP13uwwF3q0yYe8Y
2501,1PQG7kEc3FCiFmYvJwsaTn74uAqlsP13uwwF3q0yYe8Y
2501,1PQG7kEc3FCiFmYvJwsaTn74uAqlsP13uwwF3q0yYe8Y
2501,1PQG7kEc3FCiFmYvJwsaTn74uAqlsP13uwwF3q0yYe8Y
2501,1PQG7kEc3FCiFmYvJwsaTn74uAqlsP13uwwF3q0yYe8Y
2501,1PQG7kEc3FCiFmYvJwsaTn74uAqlsP13uwwF3q0yYe8Y
2501,1PQG7kEc3FCiFmYvJwsaTn74uAqlsP13uwwF3q0yYe8Y
2501,1PQG7kEc3FCiFmYvJwsaTn74uAqlsP13uwwF3q0yYe8Y
2501,1PQG7kEc3FCiFmYvJwsaTn74uAqlsP13uwwF3q0yYe8Y
2501,1PQG7kEc3FCiFmYvJwsaTn74uAqlsP13uwwF3q0yYe8Y
2501,1PQG7kEc3FCiFmYvJwsaTn74uAqlsP13uwwF3q0yYe8Y
2501,1PQG7kEc3FCiFmYvJwsaTn74uAqlsP13uwwF3q0yYe8Y
2502,1iVK-34JfgI3Y0HBgDb0e-scSZSQP91F-_tBnoGoKbvo
2502,1iVK-34JfgI3Y0HBgDb0e-scSZSQP91F-_tBnoGoKbvo
2502,1iVK-34JfgI3Y0HBgDb0e-scSZSQP91F-_tBnoGoKbvo
2502,1iVK-34JfgI3Y0HBgDb0e-scSZSQP91F-_tBnoGoKbvo
2502,1iVK-34JfgI3Y0HBgDb0e-scSZSQP91F-_tBnoGoKbvo
2502,1iVK-34JfgI3Y0HBgDb0e-scSZSQP91F-_tBnoGoKbvo
2502,1iVK-34JfgI3Y0HBgDb0e-scSZSQP91F-_tBnoGoKbvo
2502,1iVK-34JfgI3Y0HBgDb0e-scSZSQP91F-_tBnoGoKbvo
2502,1iVK-34JfgI3Y0HBgDb0e-scSZSQP91F-_tBnoGoKbvo
2502,1iVK-34JfgI3Y0HBgDb0e-scSZSQP91F-_tBnoGoKbvo
2502,1iVK-34JfgI3Y0HBgDb0e-scSZSQP91F-_tBnoGoKbvo
2502,1iVK-34JfgI3Y0HBgDb0e-scSZSQP91F-_tBnoGoKbvo
2502,1iVK-34JfgI3Y0HBgDb0e-scSZSQP91F-_tBnoGoKbvo
2502,1iVK-34JfgI3Y0HBgDb0e-scSZSQP91F-_tBnoGoKbvo
2502,1iVK-34JfgI3Y0HBgDb0e-scSZSQP91F-_tBnoGoKbvo
2502,1iVK-34JfgI3Y0HBgDb0e-scSZSQP91F-_tBnoGoKbvo
2502,1iVK-34JfgI3Y0HBgDb0e-scSZSQP91F-_tBnoGoKbvo
2502,1iVK-34JfgI3Y0HBgDb0e-scSZSQP91F-_tBnoGoKbvo
2502,1iVK-34JfgI3Y0HBgDb0e-scSZSQP91F-_tBnoGoKbvo
2502,1iVK-34JfgI3Y0HBgDb0e-scSZSQP91F-_tBnoGoKbvo
2502,1iVK-34JfgI3Y0HBgDb0e-scSZSQP91F-_tBnoGoKbvo
2502,1iVK-34JfgI3Y0HBgDb0e-scSZSQP91F-_tBnoGoKbvo
2502,1iVK-34JfgI3Y0HBgDb0e-scSZSQP91F-_tBnoGoKbvo
2502,1iVK-34JfgI3Y0HBgDb0e-scSZSQP91F-_tBnoGoKbvo
2502,1iVK-34JfgI3Y0HBgDb0e-scSZSQP91F-_tBnoGoKbvo
2502,1iVK-34JfgI3Y0HBgDb0e-scSZSQP91F-_tBnoGoKbvo
2502,1iVK-34JfgI3Y0HBgDb0e-scSZSQP91F-_tBnoGoKbvo
2502,1iVK-34JfgI3Y0HBgDb0e-scSZSQP91F-_tBnoGoKbvo
2502,1iVK-34JfgI3Y0HBgDb0e-scSZSQP91F-_tBnoGoKbvo
2502,1iVK-34JfgI3Y0HBgDb0e-scSZSQP91F-_tBnoGoKbvo
2502,1iVK-34JfgI3Y0HBgDb0e-scSZSQP91F-_tBnoGoKbvo
2502,1iVK-34JfgI3Y0HBgDb0e-scSZSQP91F-_tBnoGoKbvo
2502,1iVK-34JfgI3Y0HBgDb0e-scSZSQP91F-_tBnoGoKbvo
2502,1iVK-34JfgI3Y0HBgDb0e-scSZSQP91F-_tBnoGoKbvo
2502,1iVK-34JfgI3Y0HBgDb0e-scSZSQP91F-_tBnoGoKbvo
2502,1iVK-34JfgI3Y0HBgDb0e-scSZSQP91F-_tBnoGoKbvo
2502,1iVK-34JfgI3Y0HBgDb0e-scSZSQP91F-_tBnoGoKbvo
2002,1UZGAYELYc2w4AS9r6ODGPwI7kMpsH6Zw-0rINeg5HAw
2269,16olP0SBd8gkooVf3Gi8dVhJVRGUe17-TfaTOFHg4_JI
2282,1O7xv-cuH9cBVuTJtDWC4ncXHFWzd-ZmK8JFym789EJ8
2501,13p3cdzwemzrmwzvUoqEzGb-3IJWxhVvytIINdI-eJ9w
2502,1fAU9hncbDZERbUKYautzgta4tGcHDOZeoyNFtT4GiWA
aaaa,bbbb
